[{"status": "Result Declared", "2013_winning_party": "Indian National Congress", "trailing_party": "Bharatiya Janata Party", "2013_margin": "5238", "constituency_name": "Afzalpur", "constituency_number": "34", "leading_party": "Indian National Congress", "trailing_candidate": "MALIKAYYA GUTTEDAR", "leading_candidate": "M Y PATIL", "margin": "10594", "2013_winning_candidate": "MALIKAYYA VENKAYYA GUTTEDAR"}, {"status": "Result Declared", "2013_winning_party": "Karnataka Jantha Paksha", "trailing_party": "Indian National Congress", "2013_margin": "17114", "constituency_name": "Aland", "constituency_number": "46", "leading_party": "Bharatiya Janata Party", "trailing_candidate": "B R PATIL", "leading_candidate": "GUTTEDAR SUBHASH RUKMAYYA", "margin": "697", "2013_winning_candidate": "B.R. PATIL"}, {"status": "Result Declared", "2013_winning_party": "Indian National Congress", "trailing_party": "Bharatiya Janata Party", "2013_margin": "40182", "constituency_name": "Anekal", "constituency_number": "177", "leading_party": "Indian National Congress", "trailing_candidate": "A.NARAYANASWAMY", "leading_candidate": "B.SHIVANNA", "margin": "8627", "2013_winning_candidate": "SHIVANNA B."}, {"status": "Result Declared", "2013_winning_party": "Bharatiya Janata Party", "trailing_party": "Janata Dal  (Secular)", "2013_margin": "75221", "constituency_name": "Arabhavi", "constituency_number": "8", "leading_party": "Bharatiya Janata Party", "trailing_candidate": "BHIMAPPA GUNDAPPA GADAD", "leading_candidate": "BALACHANDRA LAKSHMANARAO JARAKIHOLI", "margin": "47328", "2013_winning_candidate": "BALACHANDRA LAXMANRAO JARKIHOLI"}, {"status": "Result Declared", "2013_winning_party": "Indian National Congress", "trailing_party": "Indian National Congress", "2013_margin": "8794", "constituency_name": "Arkalgud", "constituency_number": "198", "leading_party": "Janata Dal  (Secular)", "trailing_candidate": "MANJU .A", "leading_candidate": "A. T. RAMASWAMY", "margin": "10653", "2013_winning_candidate": "MANJU A"}, {"status": "Result Declared", "2013_winning_party": "Janata Dal  (Secular)", "trailing_party": "Indian National Congress", "2013_margin": "29631", "constituency_name": "Arsikere", "constituency_number": "194", "leading_party": "Janata Dal  (Secular)", "trailing_candidate": "G.B.SHASHIDHARA", "leading_candidate": "K.M SHIVALINGE GOWDA", "margin": "43689", "2013_winning_candidate": "K.M.SHIVALINGE GOWDA"}, {"status": "Result Declared", "2013_winning_party": "Bharatiya Janata Party", "trailing_party": "Bharatiya Janata Party", "2013_margin": "23771", "constituency_name": "Athani", "constituency_number": "3", "leading_party": "Indian National Congress", "trailing_candidate": "LAXMAN SANGAPPA SAVADI", "leading_candidate": "MAHESH IRANAGOUDA KUMATHALLI", "margin": "2331", "2013_winning_candidate": "LAXMAN SANGAPPA SAVADI"}, {"status": "Result Declared", "2013_winning_party": "Bharatiya Janata Party", "trailing_party": "Indian National Congress", "2013_margin": "23191", "constituency_name": "Aurad", "constituency_number": "52", "leading_party": "Bharatiya Janata Party", "trailing_candidate": "VIJAYKUMAR", "leading_candidate": "PRABHU CHAUHAN", "margin": "10592", "2013_winning_candidate": "PRABHU B. CHAVAN"}, {"status": "Result Declared", "2013_winning_party": "Indian National Congress", "trailing_party": "Bharatiya Janata Party", "2013_margin": "49048", "constituency_name": "B.T.M.Layout", "constituency_number": "172", "leading_party": "Indian National Congress", "trailing_candidate": "LALLESH REDDY", "leading_candidate": "RAMALINGA REDDY", "margin": "20478", "2013_winning_candidate": "RAMALINGAREDDY"}, {"status": "Result Declared", "2013_winning_party": "Indian National Congress", "trailing_party": "Bharatiya Janata Party", "2013_margin": "4355", "constituency_name": "Babaleshwar", "constituency_number": "29", "leading_party": "Indian National Congress", "trailing_candidate": "VIJAYAKUMAR SIDRAMGOUDA PATIL", "leading_candidate": "MALLANAGOUD BASANAGOUD PATIL", "margin": "29715", "2013_winning_candidate": "M.B.PATIL"}, {"status": "Result Declared", "2013_winning_party": "Indian National Congress", "trailing_party": "Bharatiya Janata Party", "2013_margin": "15113", "constituency_name": "Badami", "constituency_number": "23", "leading_party": "Indian National Congress", "trailing_candidate": "B SREERAMULU", "leading_candidate": "SIDDARAMAIAH", "margin": "1696", "2013_winning_candidate": "CHIMMANAKATTI BALAPPA BHIMAPPA"}, {"status": "Result Declared", "2013_winning_party": "Indian National Congress", "trailing_party": "Indian National Congress", "2013_margin": "2900", "constituency_name": "Bagalkot", "constituency_number": "24", "leading_party": "Bharatiya Janata Party", "trailing_candidate": "METI HULLAPPA YAMANAPPA", "leading_candidate": "VEERABHADRAYYA (VEERANNA) CHARANTIMATH", "margin": "15934", "2013_winning_candidate": "METI HULLAPPA YAMANAPPA"}, {"status": "Result Declared", "2013_winning_party": "Independent", "trailing_party": "Communist Party of India  (Marxist)", "2013_margin": "30755", "constituency_name": "Bagepalli", "constituency_number": "140", "leading_party": "Indian National Congress", "trailing_candidate": "G.V. SREERAMAREDDY", "leading_candidate": "S.N. SUBBAREDDY(CHINNAKAYALAPALLI)", "margin": "14013", "2013_winning_candidate": "S.N SUBBAREDDY(CHINNAKAYALAPALLI)"}, {"status": "Result Declared", "2013_winning_party": "Karnataka Jantha Paksha", "trailing_party": "Independent", "2013_margin": "3621", "constituency_name": "Bailhongal", "constituency_number": "16", "leading_party": "Indian National Congress", "trailing_candidate": "JAGDISH. CHANNAPPA METGUD", "leading_candidate": "KOUJALAGI. MAHANTESH. SHIVANAND.", "margin": "5122", "2013_winning_candidate": "DR|| VISHWANATH IRANAGOUDA PATIL"}, {"status": "Result Declared", "2013_winning_party": "Bharatiya Janata Party", "trailing_party": "Indian National Congress", "2013_margin": "30162", "constituency_name": "Bangalore South", "constituency_number": "176", "leading_party": "Bharatiya Janata Party", "trailing_candidate": "R K RAMESH", "leading_candidate": "M KRISHNAPPA", "margin": "30417", "2013_winning_candidate": "M. KRISHNAPPA"}, {"status": "Result Declared", "2013_winning_party": "Indian National Congress", "trailing_party": "Janata Dal  (Secular)", "2013_margin": "28377", "constituency_name": "Bangarapet", "constituency_number": "147", "leading_party": "Indian National Congress", "trailing_candidate": "M.MALLESH BABU", "leading_candidate": "S.N.NARAYANASWAMY K.M", "margin": "21571", "2013_winning_candidate": "S.N.NARAYANASWAMY.K.M"}, {"status": "Result Declared", "2013_winning_party": "Indian National Congress", "trailing_party": "Indian National Congress", "2013_margin": "17850", "constituency_name": "Bantval", "constituency_number": "205", "leading_party": "Bharatiya Janata Party", "trailing_candidate": "B RAMANATHA RAI", "leading_candidate": "RAJESH NAIK U.", "margin": "15971", "2013_winning_candidate": "B.RAMANATHA RAI"}, {"status": "Result Declared", "2013_winning_party": "Janata Dal  (Secular)", "trailing_party": "Bharatiya Janata Party", "2013_margin": "15893", "constituency_name": "Basavakalyan", "constituency_number": "47", "leading_party": "Indian National Congress", "trailing_candidate": "MALLIKARJUN SON OF SIDRAMAPPA KHUBA", "leading_candidate": "B. NARAYANRAO", "margin": "17272", "2013_winning_candidate": "MALLIKARJUN SIDRAMAPPA KHUBA"}, {"status": "Result Declared", "2013_winning_party": "Indian National Congress", "trailing_party": "Janata Dal  (Secular)", "2013_margin": "19676", "constituency_name": "Basavana Bagevadi", "constituency_number": "28", "leading_party": "Indian National Congress", "trailing_candidate": "SOMANAGOUDA(APPUGOUDA) B PATIL(MANAGULI)", "leading_candidate": "SHIVANAND PATIL", "margin": "3186", "2013_winning_candidate": "SHIVANAND S PATIL"}, {"status": "Result Declared", "2013_winning_party": "Bharatiya Janata Party", "trailing_party": "Janata Dal  (Secular)", "2013_margin": "19713", "constituency_name": "Basavanagudi", "constituency_number": "170", "leading_party": "Bharatiya Janata Party", "trailing_candidate": "K.BAGEGOWDA", "leading_candidate": "RAVISUBRAMANYA.L.A", "margin": "38009", "2013_winning_candidate": "RAVI SUBRAMANYA.L.A."}, {"status": "Result Declared", "2013_winning_party": "Independent", "trailing_party": "Indian National Congress", "2013_margin": "6310", "constituency_name": "Belgaum Dakshin", "constituency_number": "12", "leading_party": "Bharatiya Janata Party", "trailing_candidate": "M D LAKSHMINARAYAN (ANNAYYA)", "leading_candidate": "ABHAY  PATIL", "margin": "58692", "2013_winning_candidate": "SAMBHAJI LAKSHMAN PATIL"}, {"status": "Result Declared", "2013_winning_party": "Bharatiya Janata Party", "trailing_party": "Bharatiya Janata Party", "2013_margin": "1335", "constituency_name": "Belgaum Rural", "constituency_number": "13", "leading_party": "Indian National Congress", "trailing_candidate": "SANJAY B PATIL", "leading_candidate": "LAXMI R HEBBALKAR", "margin": "51724", "2013_winning_candidate": "SANJAY B PATIL"}, {"status": "Result Declared", "2013_winning_party": "Indian National Congress", "trailing_party": "Indian National Congress", "2013_margin": "18210", "constituency_name": "Belgaum Uttar", "constituency_number": "11", "leading_party": "Bharatiya Janata Party", "trailing_candidate": "FAIROZ NURUDDIN SAITH", "leading_candidate": "ANIL S BENAKE", "margin": "17267", "2013_winning_candidate": "FAIROZ NURUDDIN SAITH"}, {"status": "Result Declared", "2013_winning_party": "Badavara Shramikara Raitara Congress Party", "trailing_party": "Bharatiya Janata Party", "2013_margin": "33294", "constituency_name": "Bellary", "constituency_number": "93", "leading_party": "Indian National Congress", "trailing_candidate": "SANNA PAKKIRAPPA", "leading_candidate": "B NAGENDRA", "margin": "2679", "2013_winning_candidate": "B. SREERAMULU"}, {"status": "Result Declared", "2013_winning_party": "Indian National Congress", "trailing_party": "Indian National Congress", "2013_margin": "18200", "constituency_name": "Bellary City", "constituency_number": "94", "leading_party": "Bharatiya Janata Party", "trailing_candidate": "ANIL.H. LAD", "leading_candidate": "G. SOMASEKHARA REDDY", "margin": "16155", "2013_winning_candidate": "ANIL LAD"}, {"status": "Result Declared", "2013_winning_party": "Indian National Congress", "trailing_party": "Indian National Congress", "2013_margin": "15741", "constituency_name": "Belthangady", "constituency_number": "200", "leading_party": "Bharatiya Janata Party", "trailing_candidate": "K.VASANTHA BANGERA", "leading_candidate": "HARISH POONJA", "margin": "22974", "2013_winning_candidate": "K. VASANTHA BANGERA"}, {"status": "Result Declared", "2013_winning_party": "Indian National Congress", "trailing_party": "Bharatiya Janata Party", "2013_margin": "7529", "constituency_name": "Belur", "constituency_number": "195", "leading_party": "Janata Dal  (Secular)", "trailing_candidate": "H.K. SURESH", "leading_candidate": "LINGESHA. K.S.", "margin": "19690", "2013_winning_candidate": "Y.N RUDRESHA GOWDA"}, {"status": "Result Declared", "2013_winning_party": "Janata Dal  (Secular)", "trailing_party": "Janata Dal  (Secular)", "2013_margin": "44099", "constituency_name": "Bhadravati", "constituency_number": "112", "leading_party": "Indian National Congress", "trailing_candidate": "APPAJI.M.J.", "leading_candidate": "B.K.SANGAMESHWARA.", "margin": "11567", "2013_winning_candidate": "APPAJI. M.J"}, {"status": "Result Declared", "2013_winning_party": "Indian National Congress", "trailing_party": "Bharatiya Janata Party", "2013_margin": "9669", "constituency_name": "Bhalki", "constituency_number": "51", "leading_party": "Indian National Congress", "trailing_candidate": "D K SIDRAM", "leading_candidate": "ESHWAR KHANDRE", "margin": "21438", "2013_winning_candidate": "ESHWARA KHANDRE"}, {"status": "Result Declared", "2013_winning_party": "Independent", "trailing_party": "Indian National Congress", "2013_margin": "9884", "constituency_name": "Bhatkal", "constituency_number": "79", "leading_party": "Bharatiya Janata Party", "trailing_candidate": "MANKAL VAIDYA", "leading_candidate": "SUNIL BILIYA NAIK", "margin": "5930", "2013_winning_candidate": "MANKALA SUBBA VAIDYA"}, {"status": "Result Declared", "2013_winning_party": "Karnataka Jantha Paksha", "trailing_party": "Bharatiya Janata Party", "2013_margin": "2571", "constituency_name": "Bidar", "constituency_number": "50", "leading_party": "Indian National Congress", "trailing_candidate": "SURAYAKANTH NAGMARPALLI", "leading_candidate": "RAHIM KHAN", "margin": "10245", "2013_winning_candidate": "GURUPADAPPA NAGAMARPALLI"}, {"status": "Result Declared", "2013_winning_party": "Karnataka Makkala Paksha", "trailing_party": "Bharatiya Janata Party", "2013_margin": "15788", "constituency_name": "Bidar South", "constituency_number": "49", "leading_party": "Janata Dal  (Secular)", "trailing_candidate": "DR SHAILENDRA BELDALE", "leading_candidate": "BANDEPPA", "margin": "12742", "2013_winning_candidate": "ASHOK KHENY"}, {"status": "Result Declared", "2013_winning_party": "Indian National Congress", "trailing_party": "Indian National Congress", "2013_margin": "9380", "constituency_name": "Bijapur City", "constituency_number": "30", "leading_party": "Bharatiya Janata Party", "trailing_candidate": "ABDUL HAMEED  MUSHRIF", "leading_candidate": "BASANAGOUD .R. PATIL (YATNAL)", "margin": "6413", "2013_winning_candidate": "MAKBUL S BAGAWAN"}, {"status": "Result Declared", "2013_winning_party": "Indian National Congress", "trailing_party": "Indian National Congress", "2013_margin": "11238", "constituency_name": "Bilgi", "constituency_number": "22", "leading_party": "Bharatiya Janata Party", "trailing_candidate": "JAGADISH TIMMANAGOUDA PATIL", "leading_candidate": "MURUGESH RUDRAPPA NIRANI", "margin": "4811", "2013_winning_candidate": "J . T. PATIL"}, {"status": "Result Declared", "2013_winning_party": "Bharatiya Janata Party", "trailing_party": "Indian National Congress", "2013_margin": "25852", "constituency_name": "Bommanahalli", "constituency_number": "175", "leading_party": "Bharatiya Janata Party", "trailing_candidate": "SUSHMA RAJAGOPALA  REDDY", "leading_candidate": "SATHISH REDDY M", "margin": "47162", "2013_winning_candidate": "SATHISH REDDY.M"}, {"status": "Result Declared", "2013_winning_party": "Indian National Congress", "trailing_party": "Indian National Congress", "2013_margin": "13359", "constituency_name": "Byadgi", "constituency_number": "85", "leading_party": "Bharatiya Janata Party", "trailing_candidate": "S.R.PATIL", "leading_candidate": "BALLARY VIRUPAKSHAPPA RUDRAPPA", "margin": "21271", "2013_winning_candidate": "BASAVARAJ NEELAPPA SHIVANNANAVAR"}, {"status": "Result Declared", "2013_winning_party": "Indian National Congress", "trailing_party": "Bharatiya Janata Party", "2013_margin": "32400", "constituency_name": "Byatarayanapura", "constituency_number": "152", "leading_party": "Indian National Congress", "trailing_candidate": "A RAVI", "leading_candidate": "KRISHNA BYREGOWDA", "margin": "5671", "2013_winning_candidate": "KRISHNA BYRE GOWDA"}, {"status": "Result Declared", "2013_winning_party": "Indian National Congress", "trailing_party": "Indian National Congress", "2013_margin": "31149", "constituency_name": "Byndoor", "constituency_number": "118", "leading_party": "Bharatiya Janata Party", "trailing_candidate": "K. GOPALA POOJARY", "leading_candidate": "B. M. SUKUMAR SHETTY", "margin": "24393", "2013_winning_candidate": "K.GOPALA POOJARY"}, {"status": "Result Declared", "2013_winning_party": "Bharatiya Janata Party", "trailing_party": "Indian National Congress", "2013_margin": "8419", "constituency_name": "C.V. Raman Nagar", "constituency_number": "161", "leading_party": "Bharatiya Janata Party", "trailing_candidate": "R. SAMPATH RAJ", "leading_candidate": "S. RAGHU", "margin": "12227", "2013_winning_candidate": "S. RAGHU"}, {"status": "Result Declared", "2013_winning_party": "Indian National Congress", "trailing_party": "Janata Dal  (Secular)", "2013_margin": "23123", "constituency_name": "Challakere", "constituency_number": "98", "leading_party": "Indian National Congress", "trailing_candidate": "RAVEESH KUMAR", "leading_candidate": "T RAGHUMURTHY", "margin": "13539", "2013_winning_candidate": "T RAGHUMURTHY"}, {"status": "Result Declared", "2013_winning_party": "Indian National Congress", "trailing_party": "Indian National Congress", "2013_margin": "12915", "constituency_name": "Chamaraja", "constituency_number": "217", "leading_party": "Bharatiya Janata Party", "trailing_candidate": "VASU", "leading_candidate": "L. NAGENDRA", "margin": "14936", "2013_winning_candidate": "VASU"}, {"status": "Result Declared", "2013_winning_party": "Indian National Congress", "trailing_party": "Bharatiya Janata Party", "2013_margin": "11196", "constituency_name": "Chamarajanagar", "constituency_number": "223", "leading_party": "Indian National Congress", "trailing_candidate": "K R MALLIKARJUNAPPA", "leading_candidate": "C PUTTARANGASHETTY", "margin": "4913", "2013_winning_candidate": "C.PUTTARANGASHETTY"}, {"status": "Result Declared", "2013_winning_party": "Janata Dal  (Secular)", "trailing_party": "Bharatiya Janata Party", "2013_margin": "30162", "constituency_name": "Chamrajpet", "constituency_number": "168", "leading_party": "Indian National Congress", "trailing_candidate": "M LAKSHMINARAYANA", "leading_candidate": "B.Z. ZAMEER AHMED KHAN", "margin": "33137", "2013_winning_candidate": "B.Z.ZAMEER AHMED KHAN"}, {"status": "Result Declared", "2013_winning_party": "Janata Dal  (Secular)", "trailing_party": "Indian National Congress", "2013_margin": "7103", "constituency_name": "Chamundeshwari", "constituency_number": "215", "leading_party": "Janata Dal  (Secular)", "trailing_candidate": "SIDDARAMAIAH", "leading_candidate": "G.T.DEVEGOWDA", "margin": "36042", "2013_winning_candidate": "G.T. DEVE GOWDA"}, {"status": "Result Declared", "2013_winning_party": "Indian National Congress", "trailing_party": "Indian National Congress", "2013_margin": "1773", "constituency_name": "Channagiri", "constituency_number": "109", "leading_party": "Bharatiya Janata Party", "trailing_candidate": "VADNAL RAJANNA", "leading_candidate": "K MADALU VIRUPAKSHAPPA", "margin": "25780", "2013_winning_candidate": "VADNAL RAJANNA"}, {"status": "Result Declared", "2013_winning_party": "Samajwadi Party", "trailing_party": "Bharatiya Janata Party", "2013_margin": "6464", "constituency_name": "Channapatna", "constituency_number": "185", "leading_party": "Janata Dal  (Secular)", "trailing_candidate": "C P YOGEESHWARA", "leading_candidate": "H D KUMARA SWAMY", "margin": "21530", "2013_winning_candidate": "C P YOGESHWARA"}, {"status": "Result Declared", "2013_winning_party": "Indian National Congress", "trailing_party": "Indian National Congress", "2013_margin": "13059", "constituency_name": "Chickpet", "constituency_number": "169", "leading_party": "Bharatiya Janata Party", "trailing_candidate": "R.V.DEVRAJ", "leading_candidate": "UDAY B.GARUDACHAR", "margin": "7934", "2013_winning_candidate": "R.V. DEVRAJ"}, {"status": "Result Declared", "2013_winning_party": "Indian National Congress", "trailing_party": "Janata Dal  (Secular)", "2013_margin": "15048", "constituency_name": "Chikkaballapur", "constituency_number": "141", "leading_party": "Indian National Congress", "trailing_candidate": "K.P.BACHEGOWDA", "leading_candidate": "DR. K. SUDHAKAR", "margin": "30431", "2013_winning_candidate": "DR. K SUDHAKAR"}, {"status": "Result Declared", "2013_winning_party": "Indian National Congress", "trailing_party": "Bharatiya Janata Party", "2013_margin": "76588", "constituency_name": "Chikkodi-Sadalga", "constituency_number": "2", "leading_party": "Indian National Congress", "trailing_candidate": "ANNASAHEB SHANKAR JOLLE", "leading_candidate": "GANESH PRAKASH HUKKERI", "margin": "10569", "2013_winning_candidate": "PRAKASH BABANNA HUKKERI"}, {"status": "Result Declared", "2013_winning_party": "Bharatiya Janata Party", "trailing_party": "Indian National Congress", "2013_margin": "10988", "constituency_name": "Chikmagalur", "constituency_number": "125", "leading_party": "Bharatiya Janata Party", "trailing_candidate": "SHANKAR B L", "leading_candidate": "C T RAVI", "margin": "26314", "2013_winning_candidate": "C T RAVI"}, {"status": "Result Declared", "2013_winning_party": "Janata Dal  (Secular)", "trailing_party": "Janata Dal  (Secular)", "2013_margin": "11139", "constituency_name": "Chiknayakanhalli", "constituency_number": "128", "leading_party": "Bharatiya Janata Party", "trailing_candidate": "C.B SURESHBABU", "leading_candidate": "J.C. MADHU SWAMY", "margin": "10277", "2013_winning_candidate": "C.B.SURESHBABU"}, {"status": "Result Declared", "2013_winning_party": "Indian National Congress", "trailing_party": "Bharatiya Janata Party", "2013_margin": "26060", "constituency_name": "Chincholi", "constituency_number": "42", "leading_party": "Indian National Congress", "trailing_candidate": "SUNIL Y VALLYAPURE", "leading_candidate": "DR. UMESH G JADHAV", "margin": "19212", "2013_winning_candidate": "DR UMESH G JADAV"}, {"status": "Result Declared", "2013_winning_party": "Janata Dal  (Secular)", "trailing_party": "Bharatiya Praja Paksha", "2013_margin": "1696", "constituency_name": "Chintamani", "constituency_number": "143", "leading_party": "Janata Dal  (Secular)", "trailing_candidate": "DR.M.C SUDHAKAR", "leading_candidate": "J K KRISHNA REDDY", "margin": "5673", "2013_winning_candidate": "J.K.KRISHNAREDDY"}, {"status": "Result Declared", "2013_winning_party": "Bharatiya Janata Party", "trailing_party": "Janata Dal  (Secular)", "2013_margin": "26718", "constituency_name": "Chitradurga", "constituency_number": "99", "leading_party": "Bharatiya Janata Party", "trailing_candidate": "K.C.VEERENDRA (PAPPY)", "leading_candidate": "G H THIPPAREDDY", "margin": "32985", "2013_winning_candidate": "G.H.THIPPAREDDY"}, {"status": "Result Declared", "2013_winning_party": "Indian National Congress", "trailing_party": "Bharatiya Janata Party", "2013_margin": "31191", "constituency_name": "Chittapur", "constituency_number": "40", "leading_party": "Indian National Congress", "trailing_candidate": "VALMIK NAIK", "leading_candidate": "PRIYANK KHARGE", "margin": "4393", "2013_winning_candidate": "PRIYANK M. KHARGE"}, {"status": "Result Declared", "2013_winning_party": "Bharatiya Janata Party", "trailing_party": "Bharatiya Janata Party", "2013_margin": "10828", "constituency_name": "Dasarahalli", "constituency_number": "155", "leading_party": "Janata Dal  (Secular)", "trailing_candidate": "S MUNIRAJU", "leading_candidate": "R.MANJUNATHA", "margin": "10675", "2013_winning_candidate": "S MUNIRAJU"}, {"status": "Result Declared", "2013_winning_party": "Indian National Congress", "trailing_party": "Indian National Congress", "2013_margin": "57280", "constituency_name": "Davanagere North", "constituency_number": "106", "leading_party": "Bharatiya Janata Party", "trailing_candidate": "S.S. MALLIKARJUN", "leading_candidate": "S.A. RAVINDRANATH", "margin": "4071", "2013_winning_candidate": "S S MALLIKARJUNA"}, {"status": "Result Declared", "2013_winning_party": "Indian National Congress", "trailing_party": "Bharatiya Janata Party", "2013_margin": "40158", "constituency_name": "Davanagere South", "constituency_number": "107", "leading_party": "Indian National Congress", "trailing_candidate": "YASHAVANTHA RAO JADHAV", "leading_candidate": "SHAMANUR SHIVASHANKARAPPA", "margin": "15884", "2013_winning_candidate": "SHAMANUR SHIVASHANKARAPPA"}, {"status": "Result Declared", "2013_winning_party": "Indian National Congress", "trailing_party": "Indian National Congress", "2013_margin": "3700", "constituency_name": "Devadurga", "constituency_number": "56", "leading_party": "Bharatiya Janata Party", "trailing_candidate": "A RAJASHEKAR NAYAK", "leading_candidate": "SHIVANA GOUDA NAYAK", "margin": "21045", "2013_winning_candidate": "A. VENKATESH NAIK"}, {"status": "Result Declared", "2013_winning_party": "Janata Dal  (Secular)", "trailing_party": "Indian National Congress", "2013_margin": "1942", "constituency_name": "Devanahalli", "constituency_number": "179", "leading_party": "Janata Dal  (Secular)", "trailing_candidate": "VENKATASWAMY", "leading_candidate": "NARAYANASWAMY L N", "margin": "17010", "2013_winning_candidate": "PILLA MUNISHAMAPPA"}, {"status": "Result Declared", "2013_winning_party": "Indian National Congress", "trailing_party": "Janata Dal  (Secular)", "2013_margin": "8096", "constituency_name": "Devar Hippargi", "constituency_number": "27", "leading_party": "Bharatiya Janata Party", "trailing_candidate": "BHIMANAGOUDA (RAJUGOUDA) B PATIL", "leading_candidate": "SOMANAGOUDA B PATIL (SASANUR)", "margin": "3353", "2013_winning_candidate": "AMINAPPAGOUDA SANGANAGOUDA PATIL"}, {"status": "Result Declared", "2013_winning_party": "Indian National Congress", "trailing_party": "Indian National Congress", "2013_margin": "18320", "constituency_name": "Dharwad", "constituency_number": "71", "leading_party": "Bharatiya Janata Party", "trailing_candidate": "VINAY KULKARNI", "leading_candidate": "AMRUT AYYAPPA DESAI", "margin": "20340", "2013_winning_candidate": "VINAY KULKARNI"}, {"status": "Result Declared", "2013_winning_party": "Indian National Congress", "trailing_party": "Janata Dal  (Secular)", "2013_margin": "1447", "constituency_name": "Doddaballapur", "constituency_number": "180", "leading_party": "Indian National Congress", "trailing_candidate": "B MUNEGOWDA", "leading_candidate": "T VENKATARAMANAIAH", "margin": "9945", "2013_winning_candidate": "T.VENKATARAMANAIAH (APPAKARANAHALLI T.VENKATESH)"}, {"status": "Result Declared", "2013_winning_party": "Indian National Congress", "trailing_party": "Bharatiya Janata Party", "2013_margin": "33727", "constituency_name": "Gadag", "constituency_number": "66", "leading_party": "Indian National Congress", "trailing_candidate": "ANIL  MENSINAKAI", "leading_candidate": "HANAMANTAGOUDA KRISHNAGOUDA PATIL", "margin": "1868", "2013_winning_candidate": "H K PATIL"}, {"status": "Result Declared", "2013_winning_party": "Indian National Congress", "trailing_party": "Bharatiya Janata Party", "2013_margin": "22607", "constituency_name": "Gandhi Nagar", "constituency_number": "164", "leading_party": "Indian National Congress", "trailing_candidate": "A.R. SAPTHAGIRI GOWDA", "leading_candidate": "DINESH GUNDU RAO", "margin": "10070", "2013_winning_candidate": "DINESH GUNDU RAO"}, {"status": "Result Declared", "2013_winning_party": "Janata Dal  (Secular)", "trailing_party": "Indian National Congress", "2013_margin": "29789", "constituency_name": "Gangawati", "constituency_number": "62", "leading_party": "Bharatiya Janata Party", "trailing_candidate": "IQBAL ANSARI", "leading_candidate": "PARANNA ESHWARAPPA MUNAVALLI", "margin": "7973", "2013_winning_candidate": "IQBAL ANSARI"}, {"status": "Result Declared", "2013_winning_party": "Indian National Congress", "trailing_party": "Janata Dal  (Secular)", "2013_margin": "6075", "constituency_name": "Gauribidanur", "constituency_number": "139", "leading_party": "Indian National Congress", "trailing_candidate": "C.R.NARASIMHAMURTHY", "leading_candidate": "N.H.SHIVASHANKARA REDDY", "margin": "9168", "2013_winning_candidate": "N H SHIVASHANKARA REDDY"}, {"status": "Result Declared", "2013_winning_party": "Indian National Congress", "trailing_party": "Bharatiya Janata Party", "2013_margin": "28005", "constituency_name": "Gokak", "constituency_number": "9", "leading_party": "Indian National Congress", "trailing_candidate": "ASHOK NINGAYYASWAMI PUJARI", "leading_candidate": "JARKIHOLI RAMESH LAXMANRAO", "margin": "14280", "2013_winning_candidate": "JARKIHOLI RAMESH LAXMANRAO"}, {"status": "Result Declared", "2013_winning_party": "Indian National Congress", "trailing_party": "Indian National Congress", "2013_margin": "42460", "constituency_name": "Govindraj Nagar", "constituency_number": "166", "leading_party": "Bharatiya Janata Party", "trailing_candidate": "PRIYAKRISHNA", "leading_candidate": "V SOMANNA", "margin": "11375", "2013_winning_candidate": "PRIYAKRISHNA"}, {"status": "Result Declared", "2013_winning_party": "Janata Dal  (Secular)", "trailing_party": "Bharatiya Janata Party", "2013_margin": "7244", "constituency_name": "Gubbi", "constituency_number": "135", "leading_party": "Janata Dal  (Secular)", "trailing_candidate": "G N BETTASWAMY", "leading_candidate": "S R SRINIVAS (VASU)", "margin": "9081", "2013_winning_candidate": "S R SHRINIVAS (VASU)"}, {"status": "Result Declared", "2013_winning_party": "Bharatiya Janata Party", "trailing_party": "Indian National Congress", "2013_margin": "9970", "constituency_name": "Gulbarga Dakshin", "constituency_number": "44", "leading_party": "Bharatiya Janata Party", "trailing_candidate": "ALLAMPRABHU PATIL", "leading_candidate": "DATTATRAYA  C PATIL REVOOR  APPU GOUDA", "margin": "5431", "2013_winning_candidate": "DATTATRAYA C. PATIL REVOOR (APPU GOUDA)"}, {"status": "Result Declared", "2013_winning_party": "Indian National Congress", "trailing_party": "Indian National Congress", "2013_margin": "7209", "constituency_name": "Gulbarga Rural", "constituency_number": "43", "leading_party": "Bharatiya Janata Party", "trailing_candidate": "VIJAYKUMAR G RAMAKRISHNA", "leading_candidate": "BASAWARAJ MATTIMUD", "margin": "12386", "2013_winning_candidate": "G.RAMKRISHNA"}, {"status": "Result Declared", "2013_winning_party": "Indian National Congress", "trailing_party": "Bharatiya Janata Party", "2013_margin": "20121", "constituency_name": "Gulbarga Uttar", "constituency_number": "45", "leading_party": "Indian National Congress", "trailing_candidate": "CHANDRAKANT B PATIL (CHANDU PATIL)", "leading_candidate": "KANEEZ FATIMA", "margin": "5940", "2013_winning_candidate": "QAMAR UL ISLAM"}, {"status": "Result Declared", "2013_winning_party": "Indian National Congress", "trailing_party": "Indian National Congress", "2013_margin": "7675", "constituency_name": "Gundlupet", "constituency_number": "224", "leading_party": "Bharatiya Janata Party", "trailing_candidate": "M C MOHAN KUMARI URUF GEETHA", "leading_candidate": "C S NIRANJAN KUMAR", "margin": "16684", "2013_winning_candidate": "H.S. MAHADEVA PRASAD"}, {"status": "Result Declared", "2013_winning_party": "Indian National Congress", "trailing_party": "Indian National Congress", "2013_margin": "1650", "constituency_name": "Gurmitkal", "constituency_number": "39", "leading_party": "Janata Dal  (Secular)", "trailing_candidate": "BABURAO CHINCHANSUR", "leading_candidate": "NAGANGOUDA KANDKUR", "margin": "24480", "2013_winning_candidate": "BABURAO CHINCHANASOOR"}, {"status": "Result Declared", "2013_winning_party": "Indian National Congress", "trailing_party": "Independent", "2013_margin": "40810", "constituency_name": "Hadagalli", "constituency_number": "88", "leading_party": "Indian National Congress", "trailing_candidate": "ODO GANGAPPA", "leading_candidate": "P. T. PARAMESHWARA NAIK", "margin": "9178", "2013_winning_candidate": "P.T.PARAMESHWARANAIK"}, {"status": "Result Declared", "2013_winning_party": "Janata Dal  (Secular)", "trailing_party": "Bharatiya Janata Party", "2013_margin": "125", "constituency_name": "Hagaribommanahalli", "constituency_number": "89", "leading_party": "Indian National Congress", "trailing_candidate": "K.NEMIRAJA NAIK", "leading_candidate": "BHEEMA NAIK L.B.P.", "margin": "7232", "2013_winning_candidate": "BHEEMANAIK LBP"}, {"status": "Result Declared", "2013_winning_party": "Indian National Congress", "trailing_party": "Bharatiya Janata Party", "2013_margin": "5939", "constituency_name": "Haliyal", "constituency_number": "76", "leading_party": "Indian National Congress", "trailing_candidate": "SUNIL HEGADE", "leading_candidate": "DESHPANDE R.V", "margin": "5140", "2013_winning_candidate": "DESHPANDE. R. V."}, {"status": "Result Declared", "2013_winning_party": "Indian National Congress", "trailing_party": "Indian National Congress", "2013_margin": "5686", "constituency_name": "Hangal", "constituency_number": "82", "leading_party": "Bharatiya Janata Party", "trailing_candidate": "MANE SRINIVAS", "leading_candidate": "C M UDASI", "margin": "6514", "2013_winning_candidate": "MANOHAR H. TAHASHILDAR"}, {"status": "Result Declared", "2013_winning_party": "Indian National Congress", "trailing_party": "Bharatiya Janata Party", "2013_margin": "11549", "constituency_name": "Hanur", "constituency_number": "221", "leading_party": "Indian National Congress", "trailing_candidate": "DR. PREETHAN NAGAPPA", "leading_candidate": "R NARENDRA", "margin": "3513", "2013_winning_candidate": "R.NARENDRA"}, {"status": "Result Declared", "2013_winning_party": "Indian National Congress", "trailing_party": "Indian National Congress", "2013_margin": "8406", "constituency_name": "Harapanahalli", "constituency_number": "104", "leading_party": "Bharatiya Janata Party", "trailing_candidate": "M P RAVINDRA", "leading_candidate": "G KARUNAKARA REDDY", "margin": "9647", "2013_winning_candidate": "M P RAVINDRA"}, {"status": "Result Declared", "2013_winning_party": "Janata Dal  (Secular)", "trailing_party": "Bharatiya Janata Party", "2013_margin": "19053", "constituency_name": "Harihar", "constituency_number": "105", "leading_party": "Indian National Congress", "trailing_candidate": "HARISH B.P.", "leading_candidate": "S RAMAPPA", "margin": "7260", "2013_winning_candidate": "H.S. SHIVASHANKAR"}, {"status": "Result Declared", "2013_winning_party": "Janata Dal  (Secular)", "trailing_party": "Janata Dal  (Secular)", "2013_margin": "4196", "constituency_name": "Hassan", "constituency_number": "196", "leading_party": "Bharatiya Janata Party", "trailing_candidate": "H S PRAKASH", "leading_candidate": "PREETHAM J GOWDA", "margin": "13006", "2013_winning_candidate": "H.S.PRAKASH"}, {"status": "Result Declared", "2013_winning_party": "Indian National Congress", "trailing_party": "Indian National Congress", "2013_margin": "30208", "constituency_name": "Haveri", "constituency_number": "84", "leading_party": "Bharatiya Janata Party", "trailing_candidate": "RUDRAPPA LAMANI", "leading_candidate": "NEHARU OLEKAR", "margin": "11304", "2013_winning_candidate": "RUDRAPPA MANAPPA LAMANI"}, {"status": "Result Declared", "2013_winning_party": "Bharatiya Janata Party", "trailing_party": "Bharatiya Janata Party", "2013_margin": "5136", "constituency_name": "Hebbal", "constituency_number": "158", "leading_party": "Indian National Congress", "trailing_candidate": "Y A NARAYANASWAMY", "leading_candidate": "SURESH B S", "margin": "21140", "2013_winning_candidate": "R. JAGADEESH KUMAR"}, {"status": "Result Declared", "2013_winning_party": "Janata Dal  (Secular)", "trailing_party": "Janata Dal  (Secular)", "2013_margin": "12498", "constituency_name": "Heggadadevankote", "constituency_number": "213", "leading_party": "Indian National Congress", "trailing_candidate": "CHIKKANNA", "leading_candidate": "ANIL KUMAR C", "margin": "22093", "2013_winning_candidate": "CHIKKAMADU S"}, {"status": "Result Declared", "2013_winning_party": "Karnataka Jantha Paksha", "trailing_party": "Bharatiya Janata Party", "2013_margin": "2606", "constituency_name": "Hirekerur", "constituency_number": "86", "leading_party": "Indian National Congress", "trailing_candidate": "UJANESHWARA BANAKAR", "leading_candidate": "BASAVANAGOUDA PATIL", "margin": "555", "2013_winning_candidate": "U. B. BANAKAR"}, {"status": "Result Declared", "2013_winning_party": "Indian National Congress", "trailing_party": "Indian National Congress", "2013_margin": "1205", "constituency_name": "Hiriyur", "constituency_number": "100", "leading_party": "Bharatiya Janata Party", "trailing_candidate": "D SUDHAKAR", "leading_candidate": "K POORNIMA", "margin": "12875", "2013_winning_candidate": "D.SUDHAKAR"}, {"status": "Result Declared", "2013_winning_party": "Indian National Congress", "trailing_party": "Indian National Congress", "2013_margin": "12864", "constituency_name": "Holalkere", "constituency_number": "102", "leading_party": "Bharatiya Janata Party", "trailing_candidate": "H.ANJANEYA", "leading_candidate": "M. CHANDRAPPA", "margin": "38940", "2013_winning_candidate": "H. ANJANEYA"}, {"status": "Result Declared", "2013_winning_party": "Janata Dal  (Secular)", "trailing_party": "Indian National Congress", "2013_margin": "30058", "constituency_name": "Holenarasipur", "constituency_number": "197", "leading_party": "Janata Dal  (Secular)", "trailing_candidate": "MANJEGOWDA B P", "leading_candidate": "H D REVANNA", "margin": "43832", "2013_winning_candidate": "H.D REVANNA"}, {"status": "Result Declared", "2013_winning_party": "Indian National Congress", "trailing_party": "Indian National Congress", "2013_margin": "18738", "constituency_name": "Honnali", "constituency_number": "110", "leading_party": "Bharatiya Janata Party", "trailing_candidate": "SHANTHANAGOWDA D G", "leading_candidate": "M P RENUKACHARYA", "margin": "4233", "2013_winning_candidate": "D. G SHANTANA GOWDA"}, {"status": "Result Declared", "2013_winning_party": "Indian National Congress", "trailing_party": "Indian National Congress", "2013_margin": "20017", "constituency_name": "Hosadurga", "constituency_number": "101", "leading_party": "Bharatiya Janata Party", "trailing_candidate": "B G GOVINDAPPA", "leading_candidate": "GULIHATTI D SHEKAR", "margin": "25992", "2013_winning_candidate": "B.G. GOVINDAPPA"}, {"status": "Result Declared", "2013_winning_party": "Indian National Congress", "trailing_party": "Bharatiya Janata Party", "2013_margin": "7139", "constituency_name": "Hosakote", "constituency_number": "178", "leading_party": "Indian National Congress", "trailing_candidate": "SHARATH KUMAR BACHEGOWDA", "leading_candidate": "N NAGARAJU (M.T.B)", "margin": "7597", "2013_winning_candidate": "M.T.B. NAGARAJ"}, {"status": "Counting In Progress", "2013_winning_party": "Bharatiya Janata Party", "trailing_party": "Indian National Congress", "2013_margin": "17754", "constituency_name": "Hubli-Dharwad Central", "constituency_number": "73", "leading_party": "Bharatiya Janata Party", "trailing_candidate": "DR. MAHESH NALWAD", "leading_candidate": "JAGADISH SHETTAR", "margin": "20944", "2013_winning_candidate": "JAGADISH SHETTAR"}, {"status": "Result Declared", "2013_winning_party": "Bharatiya Janata Party", "trailing_party": "Indian National Congress", "2013_margin": "11182", "constituency_name": "Hubli-dharwad- West", "constituency_number": "74", "leading_party": "Bharatiya Janata Party", "trailing_candidate": "MOHAMMAD ISMAIL TAMATGAR", "leading_candidate": "ARVIND BELLAD", "margin": "40487", "2013_winning_candidate": "ARAVIND CHANDRAKANT BELLAD"}, {"status": "Result Declared", "2013_winning_party": "Indian National Congress", "trailing_party": "Bharatiya Janata Party", "2013_margin": "13522", "constituency_name": "Hubli-dharwad-East", "constituency_number": "72", "leading_party": "Indian National Congress", "trailing_candidate": "CHANDRASHEKAR  GOKAK", "leading_candidate": "ABBAYYA  PRASAD", "margin": "21467", "2013_winning_candidate": "ABBAYYA PRASAD"}, {"status": "Result Declared", "2013_winning_party": "Bharatiya Janata Party", "trailing_party": "Indian National Congress", "2013_margin": "57326", "constituency_name": "Hukkeri", "constituency_number": "7", "leading_party": "Bharatiya Janata Party", "trailing_candidate": "APPAYYAGOUDA BASAGOUDA PATIL", "leading_candidate": "UMESH VISHWANATH KATTI", "margin": "15385", "2013_winning_candidate": "UMESH VISHWANATH KATTI"}, {"status": "Result Declared", "2013_winning_party": "Indian National Congress", "trailing_party": "Bharatiya Janata Party", "2013_margin": "24500", "constituency_name": "Humnabad", "constituency_number": "48", "leading_party": "Indian National Congress", "trailing_candidate": "SUBHASH", "leading_candidate": "RAJSHEKHAR", "margin": "31814", "2013_winning_candidate": "RAJASHEKHAR BASAVARAJ PATIL"}, {"status": "Result Declared", "2013_winning_party": "Indian National Congress", "trailing_party": "Indian National Congress", "2013_margin": "40207", "constituency_name": "Hunasuru", "constituency_number": "212", "leading_party": "Janata Dal  (Secular)", "trailing_candidate": "H P MANJUNATH", "leading_candidate": "ADAGURU H VISHWANATH", "margin": "8575", "2013_winning_candidate": "H.P.MANJUNATH"}, {"status": "Result Declared", "2013_winning_party": "Indian National Congress", "trailing_party": "Indian National Congress", "2013_margin": "15797", "constituency_name": "Hungund", "constituency_number": "25", "leading_party": "Bharatiya Janata Party", "trailing_candidate": "KASHAPPANAVAR VIJAYANAND SHIVASHANKRAPPA", "leading_candidate": "DODDANAGOUDA G PATIL", "margin": "5227", "2013_winning_candidate": "KASHAPPANAVAR VIJAYANAND SHIVASHANKRAPPA"}, {"status": "Result Declared", "2013_winning_party": "Indian National Congress", "trailing_party": "Janata Dal  (Secular)", "2013_margin": "33302", "constituency_name": "Indi", "constituency_number": "32", "leading_party": "Indian National Congress", "trailing_candidate": "B D PATIL (HANJAGI)", "leading_candidate": "YASHVANTHARAYGOUDA VITTALAGOUDA PATIL", "margin": "9938", "2013_winning_candidate": "YASHAVANTARAYAGOUDA VITTALAGOUDA PATIL"}, {"status": "Result Declared", "2013_winning_party": "Indian National Congress", "trailing_party": "Indian National Congress", "2013_margin": "36890", "constituency_name": "Jagalur", "constituency_number": "103", "leading_party": "Bharatiya Janata Party", "trailing_candidate": "H.P.RAJESH", "leading_candidate": "S.V.RAMACHANDRA", "margin": "29221", "2013_winning_candidate": "H.P.RAJESH"}, {"status": "Result Declared", "2013_winning_party": "Indian National Congress", "trailing_party": "Bharatiya Janata Party", "2013_margin": "21152", "constituency_name": "Jamkhandi", "constituency_number": "21", "leading_party": "Indian National Congress", "trailing_candidate": "KULKARNI SHRIKANT SUBRAO", "leading_candidate": "SIDDU BHIMAPPA NYAMGOUD", "margin": "2795", "2013_winning_candidate": "SIDDU B. NYAMAGOUDA"}, {"status": "Result Declared", "2013_winning_party": "Indian National Congress", "trailing_party": "Bharatiya Janata Party", "2013_margin": "36700", "constituency_name": "Jevargi", "constituency_number": "35", "leading_party": "Indian National Congress", "trailing_candidate": "DODDAPPAGOWDA S. PATIL NARIBOL", "leading_candidate": "AJAY DHARAM SINGH", "margin": "16056", "2013_winning_candidate": "AJAY DHARAM SINGH"}, {"status": "Result Declared", "2013_winning_party": "Indian National Congress", "trailing_party": "Bharatiya Janata Party", "2013_margin": "24001", "constituency_name": "K.R.Pura", "constituency_number": "151", "leading_party": "Indian National Congress", "trailing_candidate": "N.S.NANDIESHA REDDY", "leading_candidate": "B.A.BASAVARAJA", "margin": "32729", "2013_winning_candidate": "B.A.BASAVARAJA"}, {"status": "Result Declared", "2013_winning_party": "Janata Dal  (Secular)", "trailing_party": "Janata Dal  (Secular)", "2013_margin": "42433", "constituency_name": "Kadur", "constituency_number": "127", "leading_party": "Bharatiya Janata Party", "trailing_candidate": "Y S V DATTA", "leading_candidate": "K S PRAKASH", "margin": "15372", "2013_winning_candidate": "Y.S.V.DATTA"}, {"status": "Result Declared", "2013_winning_party": "Bharatiya Janata Party", "trailing_party": "Bharatiya Janata Party", "2013_margin": "2887", "constituency_name": "Kagwad", "constituency_number": "4", "leading_party": "Indian National Congress", "trailing_candidate": "BHARAMAGOUDA ALAGOUDA KAGE", "leading_candidate": "SHRIMANT BALASAHEB PATIL", "margin": "32942", "2013_winning_candidate": "BHARAMGOUD ALAGOUD KAGE"}, {"status": "Result Declared", "2013_winning_party": "Indian National Congress", "trailing_party": "Indian National Congress", "2013_margin": "45661", "constituency_name": "Kalghatgi", "constituency_number": "75", "leading_party": "Bharatiya Janata Party", "trailing_candidate": "SANTOSH S LAD", "leading_candidate": "C M NIMBANNAVAR", "margin": "25997", "2013_winning_candidate": "SANTHOSH S LAD"}, {"status": "Result Declared", "2013_winning_party": "Badavara Shramikara Raitara Congress Party", "trailing_party": "Bharatiya Janata Party", "2013_margin": "34396", "constituency_name": "Kampli", "constituency_number": "91", "leading_party": "Indian National Congress", "trailing_candidate": "T H SURESH BABU", "leading_candidate": "J N GANESH", "margin": "5555", "2013_winning_candidate": "T.H. SURESH BABU"}, {"status": "Result Declared", "2013_winning_party": "Indian National Congress", "trailing_party": "Indian National Congress", "2013_margin": "5052", "constituency_name": "Kanakagiri", "constituency_number": "61", "leading_party": "Bharatiya Janata Party", "trailing_candidate": "SHIVARAJ SANGAPPA TANGADAGI", "leading_candidate": "BASAVARAJ  DADESUGUR", "margin": "14225", "2013_winning_candidate": "SHIVARAJ SANGAPPA TANGADAGI"}, {"status": "Result Declared", "2013_winning_party": "Indian National Congress", "trailing_party": "Janata Dal  (Secular)", "2013_margin": "31424", "constituency_name": "Kanakapura", "constituency_number": "184", "leading_party": "Indian National Congress", "trailing_candidate": "NARAYANA GOWDA", "leading_candidate": "D K SHIVAKUMAR", "margin": "79909", "2013_winning_candidate": "D.K. SHIVAKUMAR"}, {"status": "Result Declared", "2013_winning_party": "Indian National Congress", "trailing_party": "Indian National Congress", "2013_margin": "1855", "constituency_name": "Kapu", "constituency_number": "121", "leading_party": "Bharatiya Janata Party", "trailing_candidate": "VINAY KUMAR SORAKE", "leading_candidate": "LALAJI .R. MENDON", "margin": "11917", "2013_winning_candidate": "VINAY KUMAR SORAKE"}, {"status": "Result Declared", "2013_winning_party": "Bharatiya Janata Party", "trailing_party": "Indian National Congress", "2013_margin": "4254", "constituency_name": "Karkal", "constituency_number": "122", "leading_party": "Bharatiya Janata Party", "trailing_candidate": "GOPALA BHANDARY", "leading_candidate": "V. SUNIL KUMAR", "margin": "42566", "2013_winning_candidate": "V.SUNILL KUMAR"}, {"status": "Result Declared", "2013_winning_party": "Independent", "trailing_party": "Janata Dal  (Secular)", "2013_margin": "35880", "constituency_name": "Karwar", "constituency_number": "77", "leading_party": "Bharatiya Janata Party", "trailing_candidate": "ANAND VASANT ASNOTIKAR", "leading_candidate": "ROOPALI SANTOSH NAIK", "margin": "14064", "2013_winning_candidate": "SANTEESH SAIL KRISHNA"}, {"status": "Result Declared", "2013_winning_party": "Independent", "trailing_party": "Bharatiya Janata Party", "2013_margin": "16152", "constituency_name": "Khanapur", "constituency_number": "14", "leading_party": "Indian National Congress", "trailing_candidate": "VITHAL HALAGEKAR", "leading_candidate": "DR. ANJALI HEMANT NIMBALKAR", "margin": "5133", "2013_winning_candidate": "ARVIND CHANDRAKANT PATIL"}, {"status": "Result Declared", "2013_winning_party": "Indian National Congress", "trailing_party": "Indian National Congress", "2013_margin": "18290", "constituency_name": "Kittur", "constituency_number": "15", "leading_party": "Bharatiya Janata Party", "trailing_candidate": "INAMDAR DANAPPAGOUDA BASANAGOUDA", "leading_candidate": "DODDAGOUDAR MAHANTESH BASAVANTARAY", "margin": "32862", "2013_winning_candidate": "INAMADAR  DANAPPAGOUDA BASANAGOUDA"}, {"status": "Result Declared", "2013_winning_party": "Independent", "trailing_party": "Indian National Congress", "2013_margin": "12591", "constituency_name": "Kolar", "constituency_number": "148", "leading_party": "Janata Dal  (Secular)", "trailing_candidate": "SYED ZAMEER PASHA", "leading_candidate": "K.SRINIVASA GOWDA", "margin": "44251", "2013_winning_candidate": "R. VATHUR PRAKASH"}, {"status": "Result Declared", "2013_winning_party": "Bharatiya Janata Party", "trailing_party": "Bharatiya Janata Party", "2013_margin": "26022", "constituency_name": "Kolar gold field", "constituency_number": "146", "leading_party": "Indian National Congress", "trailing_candidate": "ASHWINI SAMPANGI", "leading_candidate": "ROOPAKALA.M", "margin": "40827", "2013_winning_candidate": "RAMAKKA .Y"}, {"status": "Result Declared", "2013_winning_party": "Indian National Congress", "trailing_party": "Indian National Congress", "2013_margin": "10193", "constituency_name": "Kollegal", "constituency_number": "222", "leading_party": "Bahujan Samaj Party", "trailing_candidate": "A.R. KRISHNA MURTHY", "leading_candidate": "N. MAHESH", "margin": "19454", "2013_winning_candidate": "S. JAYANNA"}, {"status": "Result Declared", "2013_winning_party": "Indian National Congress", "trailing_party": "Bharatiya Janata Party", "2013_margin": "26788", "constituency_name": "Koppal", "constituency_number": "64", "leading_party": "Indian National Congress", "trailing_candidate": "AMARESH SANGANNA KARADI", "leading_candidate": "K. RAGHAVENDRA BASAVARAJ HITNAL", "margin": "26351", "2013_winning_candidate": "K.RAGHAVENDRA BASAVARAJ HITNAL"}, {"status": "Result Declared", "2013_winning_party": "Janata Dal  (Secular)", "trailing_party": "Janata Dal  (Secular)", "2013_margin": "18155", "constituency_name": "Koratagere", "constituency_number": "134", "leading_party": "Indian National Congress", "trailing_candidate": "P.R. SUDHAKAR LAL", "leading_candidate": "DR. G. PARAMESHWARA", "margin": "7619", "2013_winning_candidate": "SUDHAKARA LAL .P.R"}, {"status": "Result Declared", "2013_winning_party": "Indian National Congress", "trailing_party": "Indian National Congress", "2013_margin": "6065", "constituency_name": "Krishnaraja", "constituency_number": "216", "leading_party": "Bharatiya Janata Party", "trailing_candidate": "M K SOMASHEKAR", "leading_candidate": "S A RAMADAS", "margin": "26347", "2013_winning_candidate": "M.K.SOMASHEKAR"}, {"status": "Result Declared", "2013_winning_party": "Janata Dal  (Secular)", "trailing_party": "Indian National Congress", "2013_margin": "15052", "constituency_name": "Krishnarajanagara", "constituency_number": "211", "leading_party": "Janata Dal  (Secular)", "trailing_candidate": "D. RAVISHANKAR", "leading_candidate": "SA. RA. MAHESH", "margin": "1779", "2013_winning_candidate": "SA.RA.MAHESH"}, {"status": "Result Declared", "2013_winning_party": "Janata Dal  (Secular)", "trailing_party": "Indian National Congress", "2013_margin": "9243", "constituency_name": "Krishnarajapete", "constituency_number": "192", "leading_party": "Janata Dal  (Secular)", "trailing_candidate": "K B CHANDRASHEKAR", "leading_candidate": "NARAYANAGOWDA", "margin": "17119", "2013_winning_candidate": "NARAYANAGOWDA"}, {"status": "Result Declared", "2013_winning_party": "Badavara Shramikara Raitara Congress Party", "trailing_party": "Indian National Congress", "2013_margin": "46234", "constituency_name": "Kudachi", "constituency_number": "5", "leading_party": "Bharatiya Janata Party", "trailing_candidate": "AMIT SHAMA GHATAGE", "leading_candidate": "P.RAJEEV", "margin": "15008", "2013_winning_candidate": "P.RAJEEV"}, {"status": "Result Declared", "2013_winning_party": "Independent", "trailing_party": "Janata Dal  (Secular)", "2013_margin": "24803", "constituency_name": "Kudligi", "constituency_number": "96", "leading_party": "Bharatiya Janata Party", "trailing_candidate": "N.T. BOMMANNA", "leading_candidate": "N.Y. GOPALAKRISHNA", "margin": "10813", "2013_winning_candidate": "B. NAGENDRA"}, {"status": "Result Declared", "2013_winning_party": "Indian National Congress", "trailing_party": "Indian National Congress", "2013_margin": "420", "constituency_name": "Kumta", "constituency_number": "78", "leading_party": "Bharatiya Janata Party", "trailing_candidate": "SHARADA MOHAN SHETTY", "leading_candidate": "DINAKAR KESHAV SHETTY", "margin": "32750", "2013_winning_candidate": "SHARDA MOHAN SHETTY"}, {"status": "Result Declared", "2013_winning_party": "Independent", "trailing_party": "Indian National Congress", "2013_margin": "40611", "constituency_name": "Kundapura", "constituency_number": "119", "leading_party": "Bharatiya Janata Party", "trailing_candidate": "RAKESH MALLI", "leading_candidate": "HALADY SRINIVAS SHETTY", "margin": "56405", "2013_winning_candidate": "HALADY SRINIVASA SHETTY"}, {"status": "Result Declared", "2013_winning_party": "Indian National Congress", "trailing_party": "Bharatiya Janata Party", "2013_margin": "21072", "constituency_name": "Kundgol", "constituency_number": "70", "leading_party": "Indian National Congress", "trailing_candidate": "CHIKKANAGOUDRA SIDDANAGOUD ISHWARAGOD", "leading_candidate": "CHANNABASAPPA SATHYAPPA SHIVALLI", "margin": "634", "2013_winning_candidate": "CHANNABASAPPA SATYAPPA SHIVALLI"}, {"status": "Result Declared", "2013_winning_party": "Janata Dal  (Secular)", "trailing_party": "Bharatiya Janata Party", "2013_margin": "9632", "constituency_name": "Kunigal", "constituency_number": "131", "leading_party": "Indian National Congress", "trailing_candidate": "D KRISHNA KUMAR", "leading_candidate": "DR|| H.D. RANGANATH", "margin": "5600", "2013_winning_candidate": "D. NAGARAJAIAH"}, {"status": "Result Declared", "2013_winning_party": "Bharatiya Janata Party", "trailing_party": "Bharatiya Janata Party", "2013_margin": "3037", "constituency_name": "Kushtagi", "constituency_number": "60", "leading_party": "Indian National Congress", "trailing_candidate": "DODDANAGOUDA HANAMAGOUDA PATIL", "leading_candidate": "AMAREGOUDA LINGANAGOUDA PATIL BAYYAPUR", "margin": "18031", "2013_winning_candidate": "DODDANAGOUDA HANAMAGOUDA PATIL"}, {"status": "Result Declared", "2013_winning_party": "Janata Dal  (Secular)", "trailing_party": "Janata Dal  (Secular)", "2013_margin": "1286", "constituency_name": "Lingsugur", "constituency_number": "57", "leading_party": "Indian National Congress", "trailing_candidate": "BANDI.SIDDU", "leading_candidate": "D. S. HOOLAGERI", "margin": "4946", "2013_winning_candidate": "MANAPPA D.VAJJAL"}, {"status": "Result Declared", "2013_winning_party": "Janata Dal  (Secular)", "trailing_party": "Indian National Congress", "2013_margin": "31958", "constituency_name": "Maddur", "constituency_number": "187", "leading_party": "Janata Dal  (Secular)", "trailing_candidate": "MADHU G MADEGOWDA", "leading_candidate": "D.C.THAMMANNA", "margin": "54030", "2013_winning_candidate": "D.C.THAMMANNA"}, {"status": "Result Declared", "2013_winning_party": "Indian National Congress", "trailing_party": "Indian National Congress", "2013_margin": "14427", "constituency_name": "Madhugiri", "constituency_number": "138", "leading_party": "Janata Dal  (Secular)", "trailing_candidate": "KYATHASANDRA N.RAJANNA", "leading_candidate": "M.V. VEERABHADRAIAH", "margin": "18574", "2013_winning_candidate": "KYATASANDRA N.RAJANNA"}, {"status": "Result Declared", "2013_winning_party": "Bharatiya Janata Party", "trailing_party": "Janata Dal  (Secular)", "2013_margin": "4629", "constituency_name": "Madikeri", "constituency_number": "208", "leading_party": "Bharatiya Janata Party", "trailing_candidate": "B A JIVIJAYA", "leading_candidate": "APPACHU RANJAN M P", "margin": "16015", "2013_winning_candidate": "APPACHU (RANJAN) M.P"}, {"status": "Result Declared", "2013_winning_party": "Janata Dal  (Secular)", "trailing_party": "Indian National Congress", "2013_margin": "14359", "constituency_name": "Magadi", "constituency_number": "182", "leading_party": "Janata Dal  (Secular)", "trailing_candidate": "H.C. BALAKRISHNA", "leading_candidate": "A. MANJUNATH", "margin": "51425", "2013_winning_candidate": "H.C.BALAKRISHNA"}, {"status": "Result Declared", "2013_winning_party": "Bharatiya Janata Party", "trailing_party": "Indian National Congress", "2013_margin": "6149", "constituency_name": "Mahadevapura", "constituency_number": "174", "leading_party": "Bharatiya Janata Party", "trailing_candidate": "A C SRINIVASA", "leading_candidate": "ARAVIND LIMBAVALI", "margin": "17784", "2013_winning_candidate": "ARVIND LIMBAVALI"}, {"status": "Result Declared", "2013_winning_party": "Janata Dal  (Secular)", "trailing_party": "Bharatiya Janata Party", "2013_margin": "15370", "constituency_name": "Mahalakshmi Layout", "constituency_number": "156", "leading_party": "Janata Dal  (Secular)", "trailing_candidate": "N.L. NARENDRA BABU", "leading_candidate": "K. GOPALAIAH", "margin": "41100", "2013_winning_candidate": "GOPALAIAH .K."}, {"status": "Result Declared", "2013_winning_party": "Indian National Congress", "trailing_party": "Indian National Congress", "2013_margin": "538", "constituency_name": "Malavalli", "constituency_number": "186", "leading_party": "Janata Dal  (Secular)", "trailing_candidate": "P.M.NARENDRASWAMY", "leading_candidate": "DR.K.ANNADANI", "margin": "26760", "2013_winning_candidate": "P.M.NARENDRA SWAMY"}, {"status": "Result Declared", "2013_winning_party": "Bharatiya Janata Party", "trailing_party": "Indian National Congress", "2013_margin": "21066", "constituency_name": "Malleshwaram", "constituency_number": "157", "leading_party": "Bharatiya Janata Party", "trailing_candidate": "KENGAL SHREEPADHARENU", "leading_candidate": "DR. ASHWATH NARAYAN.C.N.", "margin": "54000", "2013_winning_candidate": "DR. ASHWATH NARAYAN C. N."}, {"status": "Result Declared", "2013_winning_party": "Janata Dal  (Secular)", "trailing_party": "Janata Dal  (Secular)", "2013_margin": "18769", "constituency_name": "Malur", "constituency_number": "149", "leading_party": "Indian National Congress", "trailing_candidate": "K.S.MANJUNATH GOWDA", "leading_candidate": "K.Y. NANJEGOWDA", "margin": "17915", "2013_winning_candidate": "K.S. MANJUNATHGOWDA"}, {"status": "Result Declared", "2013_winning_party": "Indian National Congress", "trailing_party": "Indian National Congress", "2013_margin": "42937", "constituency_name": "Mandya", "constituency_number": "189", "leading_party": "Janata Dal  (Secular)", "trailing_candidate": "P RAVIKUMAR", "leading_candidate": "M SRINIVAS", "margin": "21608", "2013_winning_candidate": "M.H. AMBAREESH"}, {"status": "Result Declared", "2013_winning_party": "Indian National Congress", "trailing_party": "Bharatiya Janata Party", "2013_margin": "29111", "constituency_name": "Mangalore", "constituency_number": "204", "leading_party": "Indian National Congress", "trailing_candidate": "SANTHOSH KUMAR RAI BOLIYARU", "leading_candidate": "U.T.ABDUL KHADER", "margin": "19739", "2013_winning_candidate": "U T KHADER"}, {"status": "Result Declared", "2013_winning_party": "Indian National Congress", "trailing_party": "Indian National Congress", "2013_margin": "5373", "constituency_name": "Mangalore City North", "constituency_number": "202", "leading_party": "Bharatiya Janata Party", "trailing_candidate": "B.A.MOHIUDDIN  BAVA", "leading_candidate": "DR.BHARATH SHETTY. Y", "margin": "26648", "2013_winning_candidate": "B.A.MOHIUDDIN BAVA"}, {"status": "Result Declared", "2013_winning_party": "Indian National Congress", "trailing_party": "Indian National Congress", "2013_margin": "12275", "constituency_name": "Mangalore City South", "constituency_number": "203", "leading_party": "Bharatiya Janata Party", "trailing_candidate": "J. R. LOBO", "leading_candidate": "D. VEDAVYASA KAMATH", "margin": "16075", "2013_winning_candidate": "J.R.LOBO"}, {"status": "Result Declared", "2013_winning_party": "Indian National Congress", "trailing_party": "Independent", "2013_margin": "6987", "constituency_name": "Manvi", "constituency_number": "55", "leading_party": "Janata Dal  (Secular)", "trailing_candidate": "DR TANUSREE @ PREETI", "leading_candidate": "RAJA VENKATAPPA NAYAK", "margin": "15815", "2013_winning_candidate": "G.HAMPAYYA SAHUKAR BALLATAGI"}, {"status": "Result Declared", "2013_winning_party": "Indian National Congress", "trailing_party": "Bharatiya Janata Party", "2013_margin": "19147", "constituency_name": "Maski", "constituency_number": "59", "leading_party": "Indian National Congress", "trailing_candidate": "BASANAGOWDA-TURVIHAL", "leading_candidate": "PRATAPGOUDA PATIL", "margin": "213", "2013_winning_candidate": "PRATAPGOWDA PATIL"}, {"status": "Result Declared", "2013_winning_party": "Indian National Congress", "trailing_party": "Indian National Congress", "2013_margin": "694", "constituency_name": "Mayakonda", "constituency_number": "108", "leading_party": "Bharatiya Janata Party", "trailing_candidate": "K.S.BASAVARAJ [BASAVANTHAPPA]", "leading_candidate": "N. LINGANNA.", "margin": "6458", "2013_winning_candidate": "K.SHIVAMURTHY"}, {"status": "Result Declared", "2013_winning_party": "Sarvodaya Karnataka Paksha", "trailing_party": "Swaraj India", "2013_margin": "9848", "constituency_name": "Melukote", "constituency_number": "188", "leading_party": "Janata Dal  (Secular)", "trailing_candidate": "DARSHAN PUTTANNAIAH", "leading_candidate": "C S PUTTARAJU", "margin": "22224", "2013_winning_candidate": "K.S.PUTTANNAIAH"}, {"status": "Result Declared", "2013_winning_party": "Badavara Shramikara Raitara Congress Party", "trailing_party": "Indian National Congress", "2013_margin": "7169", "constituency_name": "Molakalmuru", "constituency_number": "97", "leading_party": "Bharatiya Janata Party", "trailing_candidate": "DR|| B. YOGESH BABU", "leading_candidate": "B. SREERAMULU", "margin": "42045", "2013_winning_candidate": "S. THIPPESWAMY"}, {"status": "Result Declared", "2013_winning_party": "Indian National Congress", "trailing_party": "Indian National Congress", "2013_margin": "4550", "constituency_name": "Moodabidri", "constituency_number": "201", "leading_party": "Bharatiya Janata Party", "trailing_candidate": "K. ABHAYACHANDRA", "leading_candidate": "UMANATHA. A. KOTIAN", "margin": "29799", "2013_winning_candidate": "K ABHAYACHANDRA"}, {"status": "Result Declared", "2013_winning_party": "Indian National Congress", "trailing_party": "Indian National Congress", "2013_margin": "12202", "constituency_name": "Muddebihal", "constituency_number": "26", "leading_party": "Bharatiya Janata Party", "trailing_candidate": "APPAJI URF CHANNABASAVARAJ SHANKARARAO NADAGOUDA", "leading_candidate": "AMEENAPPA GOUDA S PATIL (NADAHALLI)", "margin": "8633", "2013_winning_candidate": "APPAJI URF CHANNABASAVARAJ SHANKARAO NADAGOUD"}, {"status": "Result Declared", "2013_winning_party": "Bharatiya Janata Party", "trailing_party": "Indian National Congress", "2013_margin": "5178", "constituency_name": "Mudhol", "constituency_number": "19", "leading_party": "Bharatiya Janata Party", "trailing_candidate": "BANDIWADDAR SATISH CHINNAPPA", "leading_candidate": "GOVIND MAKTHAPPA KARAJOL", "margin": "15482", "2013_winning_candidate": "GOVIND.M.KARJOL"}, {"status": "Result Declared", "2013_winning_party": "Janata Dal  (Secular)", "trailing_party": "Indian National Congress", "2013_margin": "635", "constituency_name": "Mudigere", "constituency_number": "124", "leading_party": "Bharatiya Janata Party", "trailing_candidate": "MOTAMMA", "leading_candidate": "M.P.KUMARASWAMY", "margin": "12512", "2013_winning_candidate": "B.B. NINGAIAH"}, {"status": "Result Declared", "2013_winning_party": "Independent", "trailing_party": "Janata Dal  (Secular)", "2013_margin": "33734", "constituency_name": "Mulbagal", "constituency_number": "145", "leading_party": "Independent", "trailing_candidate": "SAMRUDDHI  MANJUNATH", "leading_candidate": "H.NAGESH", "margin": "6715", "2013_winning_candidate": "G.MANJUNATHA"}, {"status": "Result Declared", "2013_winning_party": "Janata Dal  (Secular)", "trailing_party": "Indian National Congress", "2013_margin": "20363", "constituency_name": "Nagamangala", "constituency_number": "191", "leading_party": "Janata Dal  (Secular)", "trailing_candidate": "N CHALUVARAYASWAMY", "leading_candidate": "SURESH GOWDAA", "margin": "47667", "2013_winning_candidate": "N.CHALUVARAYASWAMY (SWAMY GOWDA)"}, {"status": "Result Declared", "2013_winning_party": "Indian National Congress", "trailing_party": "Indian National Congress", "2013_margin": "667", "constituency_name": "Nagthan", "constituency_number": "31", "leading_party": "Janata Dal  (Secular)", "trailing_candidate": "KATAKADOND VITTAL DONDIBA", "leading_candidate": "DEVANAND FULASING CHAVAN", "margin": "5601", "2013_winning_candidate": "RAJU ALAGUR"}, {"status": "Result Declared", "2013_winning_party": "Indian National Congress", "trailing_party": "Indian National Congress", "2013_margin": "8941", "constituency_name": "Nanjangud", "constituency_number": "214", "leading_party": "Bharatiya Janata Party", "trailing_candidate": "KALALE N. KESHAVAMURTHY", "leading_candidate": "B. HARSHAVARDHAN", "margin": "12479", "2013_winning_candidate": "V.SRINIVASA PRASAD"}, {"status": "Result Declared", "2013_winning_party": "Indian National Congress", "trailing_party": "Bharatiya Janata Party", "2013_margin": "8370", "constituency_name": "Narasimharaja", "constituency_number": "218", "leading_party": "Indian National Congress", "trailing_candidate": "S.SATHEESH (SANDESH SWAMY)", "leading_candidate": "TANVEER SAIT", "margin": "18127", "2013_winning_candidate": "TANVEER SAIT"}, {"status": "Result Declared", "2013_winning_party": "Indian National Congress", "trailing_party": "Indian National Congress", "2013_margin": "8585", "constituency_name": "Nargund", "constituency_number": "68", "leading_party": "Bharatiya Janata Party", "trailing_candidate": "BASAVARADDI RANGARADDI YAVAGAL", "leading_candidate": "CHANDRAKANTAGOUDA CHANNAPPAGOUDA PATIL", "margin": "7979", "2013_winning_candidate": "B R YAVAGAL"}, {"status": "Result Declared", "2013_winning_party": "Janata Dal  (Secular)", "trailing_party": "Janata Dal  (Secular)", "2013_margin": "2669", "constituency_name": "Navalgund", "constituency_number": "69", "leading_party": "Bharatiya Janata Party", "trailing_candidate": "N. H. KONARADDI", "leading_candidate": "SHANKAR  B. PATIL MUNENAKOPPA", "margin": "20521", "2013_winning_candidate": "N.H.KONARADDI"}, {"status": "Result Declared", "2013_winning_party": "Janata Dal  (Secular)", "trailing_party": "Indian National Congress", "2013_margin": "15103", "constituency_name": "Nelamangala", "constituency_number": "181", "leading_party": "Janata Dal  (Secular)", "trailing_candidate": "R NARAYANASWAMY", "leading_candidate": "DR. K .SREENIVASAMURTHY", "margin": "24321", "2013_winning_candidate": "DR K SRINIVASAMURTHY"}, {"status": "Result Declared", "2013_winning_party": "Bharatiya Janata Party", "trailing_party": "Indian National Congress", "2013_margin": "18662", "constituency_name": "Nippani", "constituency_number": "1", "leading_party": "Bharatiya Janata Party", "trailing_candidate": "KAKASO PANDURANG PATIL", "leading_candidate": "JOLLE SHASHIKALA ANNASAHEB", "margin": "8506", "2013_winning_candidate": "JOLLE SHASHIKALA ANNASAHEB"}, {"status": "Result Declared", "2013_winning_party": "Bharatiya Janata Party", "trailing_party": "Janata Dal  (Secular)", "2013_margin": "20123", "constituency_name": "Padmanaba Nagar", "constituency_number": "171", "leading_party": "Bharatiya Janata Party", "trailing_candidate": "V K GOPAL", "leading_candidate": "R ASHOKA", "margin": "32166", "2013_winning_candidate": "R ASHOKA"}, {"status": "Result Declared", "2013_winning_party": "Janata Dal  (Secular)", "trailing_party": "Janata Dal  (Secular)", "2013_margin": "4863", "constituency_name": "Pavagada", "constituency_number": "137", "leading_party": "Indian National Congress", "trailing_candidate": "K M THIMMARAYAPPA", "leading_candidate": "VENKATARAMANAPPA", "margin": "409", "2013_winning_candidate": "K.M.THIMMARAYAPPA"}, {"status": "Result Declared", "2013_winning_party": "Indian National Congress", "trailing_party": "Indian National Congress", "2013_margin": "2088", "constituency_name": "Periyapatna", "constituency_number": "210", "leading_party": "Janata Dal  (Secular)", "trailing_candidate": "K. VENKATESH", "leading_candidate": "K. MAHADEVA", "margin": "7493", "2013_winning_candidate": "K.VENKATESH"}, {"status": "Result Declared", "2013_winning_party": "Janata Dal  (Secular)", "trailing_party": "Janata Dal  (Secular)", "2013_margin": "10199", "constituency_name": "Pulakeshinagar", "constituency_number": "159", "leading_party": "Indian National Congress", "trailing_candidate": "B. PRASANNAKUMAR", "leading_candidate": "R. AKHANDA SRINIVASAMURTHY", "margin": "81626", "2013_winning_candidate": "AKHANDA SRINIVAS MURTHY.R"}, {"status": "Result Declared", "2013_winning_party": "Indian National Congress", "trailing_party": "Indian National Congress", "2013_margin": "4289", "constituency_name": "Puttur", "constituency_number": "206", "leading_party": "Bharatiya Janata Party", "trailing_candidate": "SHAKUNTHALA.T. SHETTY", "leading_candidate": "SANJEEVA MATANDOOR", "margin": "19477", "2013_winning_candidate": "SHAKUNTALA T SHETTY"}, {"status": "Result Declared", "2013_winning_party": "Janata Dal  (Secular)", "trailing_party": "Indian National Congress", "2013_margin": "7871", "constituency_name": "Raichur", "constituency_number": "54", "leading_party": "Bharatiya Janata Party", "trailing_candidate": "SYED YASEEN", "leading_candidate": "DR. SHIVARAJ PATIL", "margin": "10991", "2013_winning_candidate": "DR. SHIVARAJ PATIL S."}, {"status": "Result Declared", "2013_winning_party": "Bharatiya Janata Party", "trailing_party": "Bharatiya Janata Party", "2013_margin": "3270", "constituency_name": "Raichur Rural", "constituency_number": "53", "leading_party": "Indian National Congress", "trailing_candidate": "TIPPARAJU HAWALDAR", "leading_candidate": "BASANAGOUDA DADDAL", "margin": "9964", "2013_winning_candidate": "THIPPARAJU"}, {"status": "Result Declared", "2013_winning_party": "Bharatiya Janata Party", "trailing_party": "Indian National Congress", "2013_margin": "14767", "constituency_name": "Rajaji Nagar", "constituency_number": "165", "leading_party": "Bharatiya Janata Party", "trailing_candidate": "G PADMAVATHI", "leading_candidate": "S SURESH KUMAR", "margin": "9453", "2013_winning_candidate": "S.SURESH KUMAR"}, {"status": "Result Declared", "2013_winning_party": "Janata Dal  (Secular)", "trailing_party": "Indian National Congress", "2013_margin": "25398", "constituency_name": "Ramanagaram", "constituency_number": "183", "leading_party": "Janata Dal  (Secular)", "trailing_candidate": "IQBAL HUSSAIN.H.A", "leading_candidate": "H.D.KUMARASWAMY", "margin": "22636", "2013_winning_candidate": "H D KUMARA SWAMY"}, {"status": "Result Declared", "2013_winning_party": "Indian National Congress", "trailing_party": "Indian National Congress", "2013_margin": "4984", "constituency_name": "Ramdurg", "constituency_number": "18", "leading_party": "Bharatiya Janata Party", "trailing_candidate": "ASHOK MAHADEVAPPA PATTAN", "leading_candidate": "MAHADEVAPPA SHIVALINGAPPA YADAWAD", "margin": "2875", "2013_winning_candidate": "ASHOK MAHADEVAPPA PATTAN"}, {"status": "Result Declared", "2013_winning_party": "Indian National Congress", "trailing_party": "Indian National Congress", "2013_margin": "6788", "constituency_name": "Ranibennur", "constituency_number": "87", "leading_party": "Karnataka Pragnyavantha Janatha Party", "trailing_candidate": "KRISHNAPPA KOLIWAD  S/O BHEEMAPPA KOLIWAD", "leading_candidate": "R SHANKAR S/O M RAMACHANDRA", "margin": "4338", "2013_winning_candidate": "KOLIWAD K.B"}, {"status": "Result Declared", "2013_winning_party": "Bharatiya Janata Party", "trailing_party": "Indian National Congress", "2013_margin": "829", "constituency_name": "Raybag", "constituency_number": "6", "leading_party": "Bharatiya Janata Party", "trailing_candidate": "PRADEEPKUMAR RAMU MALAGE", "leading_candidate": "AIHOLE DURYODHAN MAHALINGAPPA", "margin": "16548", "2013_winning_candidate": "AIHOLE DURYODHAN MAHALINGAPPA"}, {"status": "Result Declared", "2013_winning_party": "Indian National Congress", "trailing_party": "Indian National Congress", "2013_margin": "18227", "constituency_name": "Ron", "constituency_number": "67", "leading_party": "Bharatiya Janata Party", "trailing_candidate": "GURUPADAGOUDA PATIL", "leading_candidate": "KALAKAPPA BANDI", "margin": "7334", "2013_winning_candidate": "GURUPADAGOUDA  SANGANAGOUDA  PATIL"}, {"status": "Result Declared", "2013_winning_party": "Indian National Congress", "trailing_party": "Indian National Congress", "2013_margin": "41248", "constituency_name": "Sagar", "constituency_number": "117", "leading_party": "Bharatiya Janata Party", "trailing_candidate": "KAGODU THIMMAPPA", "leading_candidate": "H HALAPPA HARATHALU", "margin": "8039", "2013_winning_candidate": "KAGODU THIMMAPPA"}, {"status": "Result Declared", "2013_winning_party": "Janata Dal  (Secular)", "trailing_party": "Bharatiya Janata Party", "2013_margin": "33069", "constituency_name": "Sakleshpur", "constituency_number": "199", "leading_party": "Janata Dal  (Secular)", "trailing_candidate": "SOMASHEKAR JAYARAJ", "leading_candidate": "H K KUMARASWAMY", "margin": "4942", "2013_winning_candidate": "KUMARASWAMY H.K."}, {"status": "Result Declared", "2013_winning_party": "Indian National Congress", "trailing_party": "Bharatiya Janata Party", "2013_margin": "34631", "constituency_name": "Sandur", "constituency_number": "95", "leading_party": "Indian National Congress", "trailing_candidate": "D RAGHAVENDRA (MANJU)", "leading_candidate": "E TUKARAM", "margin": "14010", "2013_winning_candidate": "E.TUKARAM"}, {"status": "Result Declared", "2013_winning_party": "Indian National Congress", "trailing_party": "Bharatiya Janata Party", "2013_margin": "22853", "constituency_name": "Sarvagnanagar", "constituency_number": "160", "leading_party": "Indian National Congress", "trailing_candidate": "M.N.REDDY", "leading_candidate": "K.J GEORGE", "margin": "53304", "2013_winning_candidate": "K.J. GEORGE"}, {"status": "Result Declared", "2013_winning_party": "Bharatiya Janata Party", "trailing_party": "Independent", "2013_margin": "16042", "constituency_name": "Saundatti yellamma", "constituency_number": "17", "leading_party": "Bharatiya Janata Party", "trailing_candidate": "ANAND CHOPRA", "leading_candidate": "ANAND @ VISHWANATH CHANDRASHEKHAR MAMANI", "margin": "6291", "2013_winning_candidate": "ANAND ALIAS VISHWANATH CHANDRASHEKHAR MAMANI"}, {"status": "Result Declared", "2013_winning_party": "Indian National Congress", "trailing_party": "Indian National Congress", "2013_margin": "11895", "constituency_name": "Sedam", "constituency_number": "41", "leading_party": "Bharatiya Janata Party", "trailing_candidate": "DR. SHARAN PRAKASH RUDRAPPA PATIL", "leading_candidate": "RAJKUMAR PATIL", "margin": "7200", "2013_winning_candidate": "DR SHARANPRAKASH PATIL"}, {"status": "Result Declared", "2013_winning_party": "Karnataka Jantha Paksha", "trailing_party": "Bharatiya Janata Party", "2013_margin": "5796", "constituency_name": "Shahapur", "constituency_number": "37", "leading_party": "Indian National Congress", "trailing_candidate": "GURU PATIL SIRWAL", "leading_candidate": "SHARANABASAPPA GOUDA DARSHANAPUR", "margin": "30974", "2013_winning_candidate": "GURU PATIL SHIRAVAL"}, {"status": "Result Declared", "2013_winning_party": "Indian National Congress", "trailing_party": "Bharatiya Janata Party", "2013_margin": "20187", "constituency_name": "Shanti Nagar", "constituency_number": "163", "leading_party": "Indian National Congress", "trailing_candidate": "K VASUDEVAMURTHY", "leading_candidate": "N A HARIS", "margin": "18205", "2013_winning_candidate": "N.A.HARIS"}, {"status": "Result Declared", "2013_winning_party": "Bharatiya Janata Party", "trailing_party": "Indian National Congress", "2013_margin": "9503", "constituency_name": "Shiggaon", "constituency_number": "83", "leading_party": "Bharatiya Janata Party", "trailing_candidate": "SAYED AZEEMPEER KHADRI", "leading_candidate": "BASAVARAJ BOMMAI", "margin": "9265", "2013_winning_candidate": "BASAVARAJ BOMMAI"}, {"status": "Result Declared", "2013_winning_party": "Karnataka Jantha Paksha", "trailing_party": "Indian National Congress", "2013_margin": "24425", "constituency_name": "Shikaripura", "constituency_number": "115", "leading_party": "Bharatiya Janata Party", "trailing_candidate": "GONI MALATESHA", "leading_candidate": "B S YADIYURAPPA", "margin": "35397", "2013_winning_candidate": "B.S.YADIYURAPPA"}, {"status": "Result Declared", "2013_winning_party": "Indian National Congress", "trailing_party": "Indian National Congress", "2013_margin": "278", "constituency_name": "Shimoga", "constituency_number": "113", "leading_party": "Bharatiya Janata Party", "trailing_candidate": "K.B. PRASANNA KUMAR", "leading_candidate": "K.S. ESHWARAPPA", "margin": "46107", "2013_winning_candidate": "K.B. PRASANNAKUMAR"}, {"status": "Result Declared", "2013_winning_party": "Janata Dal  (Secular)", "trailing_party": "Janata Dal  (Secular)", "2013_margin": "10109", "constituency_name": "Shimoga Rural", "constituency_number": "111", "leading_party": "Bharatiya Janata Party", "trailing_candidate": "SHARADA PURYANAIK", "leading_candidate": "K.B. ASHOK NAIK", "margin": "3777", "2013_winning_candidate": "SHARADA POORYANAIK"}, {"status": "Result Declared", "2013_winning_party": "Indian National Congress", "trailing_party": "Indian National Congress", "2013_margin": "315", "constituency_name": "Shirahatti", "constituency_number": "65", "leading_party": "Bharatiya Janata Party", "trailing_candidate": "DODDAMANI RAMAKRISHNA SHIDLINGAPPA", "leading_candidate": "RAMAPPA SOBEPPA LAMANI", "margin": "29993", "2013_winning_candidate": "DODDAMANI RAMAKRISHNA SHIDDLINGAPPA"}, {"status": "Result Declared", "2013_winning_party": "Indian National Congress", "trailing_party": "Bharatiya Janata Party", "2013_margin": "20855", "constituency_name": "Shivajinagar", "constituency_number": "162", "leading_party": "Indian National Congress", "trailing_candidate": "KATTA SUBRAMANYA NAIDU", "leading_candidate": "R ROSHAN BAIG", "margin": "15040", "2013_winning_candidate": "R.ROSHAN BAIG"}, {"status": "Result Declared", "2013_winning_party": "Indian National Congress", "trailing_party": "Indian National Congress", "2013_margin": "4075", "constituency_name": "Shorapur", "constituency_number": "36", "leading_party": "Bharatiya Janata Party", "trailing_candidate": "RAJA VENKATAPPA NAIK", "leading_candidate": "NARASIMHANAYAK (RAJUGOUDA)", "margin": "22568", "2013_winning_candidate": "RAJA VENKATAPPA NAYAK"}, {"status": "Result Declared", "2013_winning_party": "Janata Dal  (Secular)", "trailing_party": "Indian National Congress", "2013_margin": "24142", "constituency_name": "Shravanabelagola", "constituency_number": "193", "leading_party": "Janata Dal  (Secular)", "trailing_candidate": "C S PUTTEGOWDA", "leading_candidate": "C N  BALAKRISHNA", "margin": "53012", "2013_winning_candidate": "C.N.BALAKRISHNA"}, {"status": "Result Declared", "2013_winning_party": "Janata Dal  (Secular)", "trailing_party": "Indian National Congress", "2013_margin": "13624", "constituency_name": "Shrirangapattana", "constituency_number": "190", "leading_party": "Janata Dal  (Secular)", "trailing_candidate": "A.B.RAMESHA  BANDISIDDEGOWDA", "leading_candidate": "RAVINDRA SRIKANTAIAH", "margin": "43688", "2013_winning_candidate": "A.B. RAMESHA BANDISIDDEGOWDA"}, {"status": "Result Declared", "2013_winning_party": "Janata Dal  (Secular)", "trailing_party": "Janata Dal  (Secular)", "2013_margin": "15479", "constituency_name": "Sidlaghatta", "constituency_number": "142", "leading_party": "Indian National Congress", "trailing_candidate": "B.N. RAVIKUMAR", "leading_candidate": "V. MUNIYAPPA", "margin": "9709", "2013_winning_candidate": "M. RAJANNA"}, {"status": "Result Declared", "2013_winning_party": "Bharatiya Janata Party", "trailing_party": "Bharatiya Janata Party", "2013_margin": "752", "constituency_name": "Sindgi", "constituency_number": "33", "leading_party": "Janata Dal  (Secular)", "trailing_candidate": "BHUSANUR RAMESH BALAPPA", "leading_candidate": "MANAGULI MALLAPPA CHANNAVEERAPPA", "margin": "9305", "2013_winning_candidate": "BHUSANUR RAMESH BALAPPA"}, {"status": "Result Declared", "2013_winning_party": "Indian National Congress", "trailing_party": "Indian National Congress", "2013_margin": "13016", "constituency_name": "Sindhanur", "constituency_number": "58", "leading_party": "Janata Dal  (Secular)", "trailing_candidate": "BADARLI HAMPANGOUDA", "leading_candidate": "VENKATRAO NADAGOUDA", "margin": "1597", "2013_winning_candidate": "BADARLI HAMPANAGOUDA"}, {"status": "Result Declared", "2013_winning_party": "Indian National Congress", "trailing_party": "Indian National Congress", "2013_margin": "14681", "constituency_name": "Sira", "constituency_number": "136", "leading_party": "Janata Dal  (Secular)", "trailing_candidate": "T B JAYACHANDRA", "leading_candidate": "B SATHYANARAYANA", "margin": "10365", "2013_winning_candidate": "T B JAYACHANDRA"}, {"status": "Result Declared", "2013_winning_party": "Bharatiya Janata Party", "trailing_party": "Indian National Congress", "2013_margin": "3059", "constituency_name": "Sirsi", "constituency_number": "80", "leading_party": "Bharatiya Janata Party", "trailing_candidate": "BHIMANNA  NAIK", "leading_candidate": "KAGERI  VISHWESHWAR HEGDE", "margin": "17461", "2013_winning_candidate": "ANANT KAGERI VISHWESHWAR HEGDE"}, {"status": "Result Declared", "2013_winning_party": "Indian National Congress", "trailing_party": "Indian National Congress", "2013_margin": "21814", "constituency_name": "Siruguppa", "constituency_number": "92", "leading_party": "Bharatiya Janata Party", "trailing_candidate": "B. MURALI KRISHNA", "leading_candidate": "M.S. SOMALINGAPPA", "margin": "21271", "2013_winning_candidate": "B.M. NAGARAJA"}, {"status": "Result Declared", "2013_winning_party": "Janata Dal  (Secular)", "trailing_party": "Janata Dal  (Secular)", "2013_margin": "21225", "constituency_name": "Sorab", "constituency_number": "116", "leading_party": "Bharatiya Janata Party", "trailing_candidate": "S.MADHU BANGARAPPA", "leading_candidate": "S.KUMARA BANGARAPPA", "margin": "13286", "2013_winning_candidate": "S.MADHU BANGARAPPA"}, {"status": "Result Declared", "2013_winning_party": "Bharatiya Janata Party", "trailing_party": "Bharatiya Janata Party", "2013_margin": "3452", "constituency_name": "Sringeri", "constituency_number": "123", "leading_party": "Indian National Congress", "trailing_candidate": "D N JEEVARAJ", "leading_candidate": "T D RAJEGOWDA", "margin": "1989", "2013_winning_candidate": "D.N. JEEVARAJ"}, {"status": "Result Declared", "2013_winning_party": "Indian National Congress", "trailing_party": "Janata Dal  (Secular)", "2013_margin": "3893", "constituency_name": "Srinivaspur", "constituency_number": "144", "leading_party": "Indian National Congress", "trailing_candidate": "G K VENKATASHIVAREDDY", "leading_candidate": "K R RAMESH KUMAR", "margin": "10552", "2013_winning_candidate": "K.R.RAMESHKUMAR"}, {"status": "Result Declared", "2013_winning_party": "Bharatiya Janata Party", "trailing_party": "Indian National Congress", "2013_margin": "1373", "constituency_name": "Sullia", "constituency_number": "207", "leading_party": "Bharatiya Janata Party", "trailing_candidate": "DR.B.RAGHU", "leading_candidate": "ANGARA.S", "margin": "26068", "2013_winning_candidate": "ANGARA. S"}, {"status": "Result Declared", "2013_winning_party": "Indian National Congress", "trailing_party": "Indian National Congress", "2013_margin": "323", "constituency_name": "T.Narasipur", "constituency_number": "220", "leading_party": "Janata Dal  (Secular)", "trailing_candidate": "DR. H.C.MAHADEVAPPA", "leading_candidate": "ASHVIN KUMAR.M", "margin": "28478", "2013_winning_candidate": "DR. H.C. MAHADEVAPPA"}, {"status": "Result Declared", "2013_winning_party": "Indian National Congress", "trailing_party": "Independent", "2013_margin": "899", "constituency_name": "Tarikere", "constituency_number": "126", "leading_party": "Bharatiya Janata Party", "trailing_candidate": "G H SRINIVASA", "leading_candidate": "D S SURESH", "margin": "11687", "2013_winning_candidate": "G.H SRINIVASA"}, {"status": "Result Declared", "2013_winning_party": "Indian National Congress", "trailing_party": "Indian National Congress", "2013_margin": "2599", "constituency_name": "Terdal", "constituency_number": "20", "leading_party": "Bharatiya Janata Party", "trailing_candidate": "UMASHREE", "leading_candidate": "SIDDU SAVADI", "margin": "20889", "2013_winning_candidate": "UMASHREE"}, {"status": "Result Declared", "2013_winning_party": "Indian National Congress", "trailing_party": "Indian National Congress", "2013_margin": "11602", "constituency_name": "Tiptur", "constituency_number": "129", "leading_party": "Bharatiya Janata Party", "trailing_candidate": "K. SHADAKSHARI", "leading_candidate": "B.C. NAGESH", "margin": "25563", "2013_winning_candidate": "K.SHADAKSHARI"}, {"status": "Result Declared", "2013_winning_party": "Indian National Congress", "trailing_party": "Indian National Congress", "2013_margin": "1343", "constituency_name": "Tirthahalli", "constituency_number": "114", "leading_party": "Bharatiya Janata Party", "trailing_candidate": "KIMMANE RATHNAKARA", "leading_candidate": "ARAGA JNANENDRA", "margin": "21955", "2013_winning_candidate": "KIMMANE RATNAKAR"}, {"status": "Result Declared", "2013_winning_party": "Indian National Congress", "trailing_party": "Janata Dal  (Secular)", "2013_margin": "3608", "constituency_name": "Tumkur City", "constituency_number": "132", "leading_party": "Bharatiya Janata Party", "trailing_candidate": "N. GOVINDARAJU", "leading_candidate": "G.B. JYOTHI GANESH", "margin": "5293", "2013_winning_candidate": "DR. RAFEEQ AHMED S."}, {"status": "Result Declared", "2013_winning_party": "Bharatiya Janata Party", "trailing_party": "Bharatiya Janata Party", "2013_margin": "1572", "constituency_name": "Tumkur Rural", "constituency_number": "133", "leading_party": "Janata Dal  (Secular)", "trailing_candidate": "B SURESH GOWDA", "leading_candidate": "D C GOWRISHANKAR", "margin": "5640", "2013_winning_candidate": "B.SURESH GOWDA"}, {"status": "Result Declared", "2013_winning_party": "Janata Dal  (Secular)", "trailing_party": "Janata Dal  (Secular)", "2013_margin": "8925", "constituency_name": "Turuvekere", "constituency_number": "130", "leading_party": "Bharatiya Janata Party", "trailing_candidate": "M T KRISHNAPPA", "leading_candidate": "JAYARAM A S", "margin": "2049", "2013_winning_candidate": "M.T.KRISHNAPPA"}, {"status": "Result Declared", "2013_winning_party": "Indian National Congress", "trailing_party": "Indian National Congress", "2013_margin": "39524", "constituency_name": "Udupi", "constituency_number": "120", "leading_party": "Bharatiya Janata Party", "trailing_candidate": "PRAMOD MADHWARAJ", "leading_candidate": "K RAGHUPATHI BHAT", "margin": "12044", "2013_winning_candidate": "PRAMOD MADHWARAJ"}, {"status": "Result Declared", "2013_winning_party": "Indian National Congress", "trailing_party": "Bharatiya Janata Party", "2013_margin": "29641", "constituency_name": "Varuna", "constituency_number": "219", "leading_party": "Indian National Congress", "trailing_candidate": "T BASAVARAJU", "leading_candidate": "YATHINDRA S", "margin": "58616", "2013_winning_candidate": "SIDDARAMAIAH"}, {"status": "Result Declared", "2013_winning_party": "Indian National Congress", "trailing_party": "Bharatiya Janata Party", "2013_margin": "32642", "constituency_name": "Vijay Nagar", "constituency_number": "167", "leading_party": "Indian National Congress", "trailing_candidate": "H. RAVINDRA", "leading_candidate": "M. KRISHNAPPA", "margin": "2775", "2013_winning_candidate": "M.KRISHNAPPA"}, {"status": "Result Declared", "2013_winning_party": "Bharatiya Janata Party", "trailing_party": "Bharatiya Janata Party", "2013_margin": "30637", "constituency_name": "Vijayanagara", "constituency_number": "90", "leading_party": "Indian National Congress", "trailing_candidate": "H.R.GAVIYAPPA", "leading_candidate": "ANAND SINGH", "margin": "8228", "2013_winning_candidate": "ANAND SINGH"}, {"status": "Result Declared", "2013_winning_party": "Bharatiya Janata Party", "trailing_party": "Indian National Congress", "2013_margin": "3414", "constituency_name": "Virajpet", "constituency_number": "209", "leading_party": "Bharatiya Janata Party", "trailing_candidate": "ARUN MACHAIAH C S", "leading_candidate": "K G BOPAIAH", "margin": "13353", "2013_winning_candidate": "K.G.BOPAIAH"}, {"status": "Result Declared", "2013_winning_party": "Indian National Congress", "trailing_party": "Indian National Congress", "2013_margin": "9104", "constituency_name": "Yadgir", "constituency_number": "38", "leading_party": "Bharatiya Janata Party", "trailing_candidate": "DR.A B MAALAKARADDY", "leading_candidate": "VENKATREDDY MUDNAL", "margin": "12881", "2013_winning_candidate": "DR. MAALAKAREDDY"}, {"status": "Result Declared", "2013_winning_party": "Bharatiya Janata Party", "trailing_party": "Janata Dal  (Secular)", "2013_margin": "18397", "constituency_name": "Yelahanka", "constituency_number": "150", "leading_party": "Bharatiya Janata Party", "trailing_candidate": "A M HANUMANTHEGOWDA", "leading_candidate": "S.R.VISHWANATH", "margin": "42503", "2013_winning_candidate": "S.R. VISHWANATH"}, {"status": "Result Declared", "2013_winning_party": "Indian National Congress", "trailing_party": "Indian National Congress", "2013_margin": "16900", "constituency_name": "Yelburga", "constituency_number": "63", "leading_party": "Bharatiya Janata Party", "trailing_candidate": "BASAVARAJ RAYAREDDI", "leading_candidate": "ACHAR HALAPPA BASAPPA", "margin": "13318", "2013_winning_candidate": "BASAVARAJ RAYARADDY"}, {"status": "Result Declared", "2013_winning_party": "Indian National Congress", "trailing_party": "Bharatiya Janata Party", "2013_margin": "24492", "constituency_name": "Yellapur", "constituency_number": "81", "leading_party": "Indian National Congress", "trailing_candidate": "ANDALAGI VEERABHADRAGOUDA SHIVANAGOUDA PATIL", "leading_candidate": "ARABAIL HEBBAR SHIVARAM", "margin": "1483", "2013_winning_candidate": "ARBAIL SHIVARAM HEBBAR"}]